﻿<parameters>
  <parameter name="IIS Web Application Name" defaultValue="Default Web Site/Leet/BSBestellingenbeheer" tags="IisApp">
    <parameterEntry kind="ProviderPath" scope="IisApp" match="^C:\\Leet\\05-BSBestellingenbeheer\\Leet\.Kantilever\.BSBestellingenbeheer\.Host\\obj\\Acceptatie\\Package\\PackageTmp$" />
    <parameterEntry kind="ProviderPath" scope="setAcl" match="^C:\\Leet\\05-BSBestellingenbeheer\\Leet\.Kantilever\.BSBestellingenbeheer\.Host\\obj\\Acceptatie\\Package\\PackageTmp$" />
  </parameter>
  <parameter name="BestellingContext-Deployment-Deployment Connection String" defaultValue="Data Source=.\SQLEXPRESS;Initial Catalog=Leet_BSBestellingbeheerDatabase;Integrated Security=True" tags="SqlConnectionString">
    <parameterEntry kind="ProviderPath" scope="DbFullSql" match="^C:\\Leet\\97-Installatie\\GRANTscript_BSBestellingbeheerDatabase\.sql$" />
  </parameter>
  <parameter name="BestellingContext-Web.config Connection String" description="BestellingContext Connection String used in web.config by the application to access the database." defaultValue="Data Source=.\SQLEXPRESS;Initial Catalog=Leet_BSBestellingbeheerDatabase;Integrated Security=true" tags="SqlConnectionString">
    <parameterEntry kind="XmlFile" scope="C:\\Leet\\05-BSBestellingenbeheer\\Leet\.Kantilever\.BSBestellingenbeheer\.Host\\obj\\Acceptatie\\Package\\PackageTmp\\Web\.config$" match="/configuration/connectionStrings/add[@name='BestellingContext']/@connectionString" />
  </parameter>
</parameters>