﻿<parameters>
  <parameter name="IIS Web Application Name" defaultValue="Default Web Site/Leet/Release/BSKlantbeheer" tags="IisApp">
    <parameterEntry kind="ProviderPath" scope="IisApp" match="^C:\\Leet\\06-BSKlantbeheer\\Leet\.Kantilever\.BSKlantbeheer\.Host\\obj\\Release\\Package\\PackageTmp$" />
    <parameterEntry kind="ProviderPath" scope="setAcl" match="^C:\\Leet\\06-BSKlantbeheer\\Leet\.Kantilever\.BSKlantbeheer\.Host\\obj\\Release\\Package\\PackageTmp$" />
  </parameter>
  <parameter name="KlantenContext-Deployment-Deployment Connection String" defaultValue="" tags="SqlConnectionString">
    <parameterEntry kind="ProviderPath" scope="DbFullSql" match="^C:\\Leet\\97-Installatie\\GRANTscript_Release_BSKlantbeheerDatabase\.sql$" />
  </parameter>
  <parameter name="KlantenContext-Web.config Connection String" description="KlantenContext Connection String used in web.config by the application to access the database." defaultValue="Data Source=.\SQLEXPRESS;Initial Catalog=Leet_Release_BSKlantbeheerDatabase;Integrated Security=true" tags="SqlConnectionString">
    <parameterEntry kind="XmlFile" scope="C:\\Leet\\06-BSKlantbeheer\\Leet\.Kantilever\.BSKlantbeheer\.Host\\obj\\Release\\Package\\PackageTmp\\Web\.config$" match="/configuration/connectionStrings/add[@name='KlantenContext']/@connectionString" />
  </parameter>
</parameters>