﻿<parameters>
  <parameter name="IIS Web Application Name" defaultValue="Default Web Site/Leet/PcSWinkelen" tags="IisApp">
    <parameterEntry kind="ProviderPath" scope="IisApp" match="^C:\\Leet\\04-PcSWinkelen\\Leet\.Kantilever\.PcSWinkelen\.Host\\obj\\Acceptatie\\Package\\PackageTmp$" />
    <parameterEntry kind="ProviderPath" scope="setAcl" match="^C:\\Leet\\04-PcSWinkelen\\Leet\.Kantilever\.PcSWinkelen\.Host\\obj\\Acceptatie\\Package\\PackageTmp$" />
  </parameter>
  <parameter name="WinkelenContext-Deployment-Deployment Connection String" defaultValue="Data Source=.\SQLEXPRESS;Initial Catalog=Leet_PcSWinkelenDatabase;Integrated Security=True" tags="SqlConnectionString">
    <parameterEntry kind="ProviderPath" scope="DbFullSql" match="^C:\\Leet\\97-Installatie\\GRANTscript_PcSWinkelenDatabase\.sql$" />
    <parameterEntry kind="ProviderPath" scope="DbFullSql" match="^C:\\Leet\\04-PcSWinkelen\\Leet\.Kantilever\.PcSWinkelen\.Host\\obj\\Acceptatie\\AutoScripts\\WinkelenContext-Deployment_SchemaOnly\.sql$" />
  </parameter>
</parameters>