﻿<parameters>
  <parameter name="IIS Web Application Name" defaultValue="Default Web Site/Leet/PcSWinkelen" tags="IisApp">
    <parameterEntry kind="ProviderPath" scope="IisApp" match="^C:\\TFS\\RoelR\\Leet\\04-PcSWinkelen\\Leet\.Kantilever\.PcSWinkelen\.Host\\obj\\Acceptatie\\Package\\PackageTmp$" />
    <parameterEntry kind="ProviderPath" scope="setAcl" match="^C:\\TFS\\RoelR\\Leet\\04-PcSWinkelen\\Leet\.Kantilever\.PcSWinkelen\.Host\\obj\\Acceptatie\\Package\\PackageTmp$" />
  </parameter>
  <parameter name="WinkelenContext-Deployment-Deployment Connection String" defaultValue="Data Source=.\SQLEXPRESS;Initial Catalog=Leet_PcSWinkelenDatabase;Integrated Security=True" tags="SqlConnectionString">
    <parameterEntry kind="ProviderPath" scope="DbFullSql" match="^C:\\TFS\\RoelR\\Leet\\04-PcSWinkelen\\Leet\.Kantilever\.PcSWinkelen\.Host\\obj\\Acceptatie\\AutoScripts\\WinkelenContext-Deployment_SchemaOnly\.sql$" />
    <parameterEntry kind="ProviderPath" scope="DbFullSql" match="^C:\\TFS\\RoelR\\Leet\\97-Installatie\\GRANTscript_PcSWinkelenDatabase\ -\ Copy\.sql$" />
  </parameter>
  <parameter name="WinkelenContext-Web.config Connection String" description="WinkelenContext Connection String used in web.config by the application to access the database." defaultValue="Data Source=.\SQLEXPRESS;Initial Catalog=Leet_PcSWinkelenDatabase;Integrated Security=true" tags="SqlConnectionString">
    <parameterEntry kind="XmlFile" scope="C:\\TFS\\RoelR\\Leet\\04-PcSWinkelen\\Leet\.Kantilever\.PcSWinkelen\.Host\\obj\\Acceptatie\\Package\\PackageTmp\\Web\.config$" match="/configuration/connectionStrings/add[@name='WinkelenContext']/@connectionString" />
  </parameter>
</parameters>