﻿<parameters>
  <parameter name="IIS Web Application Name" defaultValue="Default Web Site/Leet/Release/PcSWinkelen" tags="IisApp">
    <parameterEntry kind="ProviderPath" scope="IisApp" match="^C:\\Leet\\04-PcSWinkelen\\Leet\.Kantilever\.PcSWinkelen\.Host\\obj\\Release\\Package\\PackageTmp$" />
    <parameterEntry kind="ProviderPath" scope="setAcl" match="^C:\\Leet\\04-PcSWinkelen\\Leet\.Kantilever\.PcSWinkelen\.Host\\obj\\Release\\Package\\PackageTmp$" />
  </parameter>
  <parameter name="WinkelenContext-Deployment-Deployment Connection String" defaultValue="" tags="SqlConnectionString">
    <parameterEntry kind="ProviderPath" scope="DbFullSql" match="^C:\\Leet\\97-Installatie\\GRANTscript_Release_PcSWinkelenDatabase\.sql$" />
  </parameter>
  <parameter name="WinkelenContext-Web.config Connection String" description="WinkelenContext Connection String used in web.config by the application to access the database." defaultValue="Data Source=.\SQLEXPRESS;Initial Catalog=Leet_Release_PcSWinkelenDatabase;Integrated Security=true" tags="SqlConnectionString">
    <parameterEntry kind="XmlFile" scope="C:\\Leet\\04-PcSWinkelen\\Leet\.Kantilever\.PcSWinkelen\.Host\\obj\\Release\\Package\\PackageTmp\\Web\.config$" match="/configuration/connectionStrings/add[@name='WinkelenContext']/@connectionString" />
  </parameter>
</parameters>